split_id,repeat_id,fold_id,dataset,null_task,feature_set,K,model,balanced_accuracy,auc,f1,sensitivity,specificity,kernel_alignment,separability_index,K_RR,K_NN,K_RN
fold01,1,1,demo_primary,time_shift,raw_topk,4,qkernel_zz,0.41666666666666663,0.3055555555555556,0.2222222222222222,,,0.18389661917076372,0.11595427132740743,0.2180241742939365,0.2084787288572949,0.09729718024820827
fold02,1,2,demo_primary,time_shift,raw_topk,4,qkernel_zz,0.41666666666666663,0.4444444444444445,0.46153846153846156,,,0.24844015378330675,0.14895066044659377,0.20484754398562993,0.21483263284972068,0.06088942797108153
